Memory(KB),TowerARE,TowerAAE,MCMARE,MCMAAE
256,30.510717,57.036211,30.493986,56.996985
512,5.479047,13.033790,5.379929,12.670520
1024,0.995927,3.062928,0.988633,3.035416
2048,0.180566,0.755432,0.180517,0.752658
4096,0.027281,0.172661,0.027176,0.172638
8192,0.003200,0.035718,0.003165,0.035335
16384,0.000321,0.006941,0.000379,0.007203
32768,0.000030,0.001419,0.000031,0.001347
